{"_id":"64a50edc520b226ce6a69af9","UserID":236932,"IsDeleted":false,"Props":{"elements":{"s6":{"type":"Strip","props":{"styleRef":"s6"},"children":[],"parent":null}},"Grid":["s6"],"styles":{"s6":{"type":"Strip","lg":{"columns":1,"rows":1,"areas":[["Col1"]],"root":{"minHeight":"600","minHeightUnit":"px"}}}},"params":[],"isSurveyForm":false},"IsDisabled":false,"isPublic":true,"URL":"p2","Description":"","Version":0,"ProjectID":"64a3093a9cef813b35912795","isCachedCDN":"true","CreatedAt":"2023-07-05T06:34:04.090Z","__v":0,"PublishProps":{"elements":{"s6":{"type":"Strip","props":{"styleRef":"s6"},"children":[],"parent":null}},"Grid":["s6"],"styles":{"s6":{"type":"Strip","lg":{"columns":1,"rows":1,"areas":[["Col1"]],"root":{"minHeight":"600","minHeightUnit":"px"}}}},"params":[],"isSurveyForm":false}}