{"_id":"64a3093a9cef813b35912792","UserID":236932,"IsDeleted":false,"Props":{"elements":{"s1":{"type":"Strip","props":{"styleRef":"s1"},"children":["e4","e5","e7","e8"],"parent":null},"e3":{"type":"FormField","props":{"control":"multiSelect","source":"static","items":[{"label":"Item 1","value":"key1","uid":"76fc16dd-01f5-464f-a44e-db41ba84508e"},{"label":"Item 2","value":"key2","uid":"68fcfddb-392c-4c66-93e7-20236c65cbf2"},{"label":"Item 3","value":"key3","uid":"36b8e928-b1b3-47b6-ba5e-74ca233d2afd"}],"lg":{"value":"","label":"Multi select picklist field","placeholder":"Multi select picklist field","variant":"standard","gridArea":"row_1","position":{"left":"0","top":"0","leftUnit":"px","topUnit":"px","right":"","bottom":"","transform":""},"hideErrorIndicator":false,"isHidden":false},"styleRef":"e3"},"children":[],"parent":"e5"},"e4":{"type":"Button","props":{"lg":{"text":"disable","gridArea":"Col1","variant":"primary","position":{"left":764,"top":153,"leftUnit":"px","topUnit":"px","right":"","bottom":"","transform":""},"allowProgress":false,"isHidden":false},"target":"self","customURL":"","type":"redirect","redirect":{"label":"Other","value":"other"},"styleRef":"e4","action":[{"uid":"f4b9dd04-aa3d-4fc5-96b5-66c42a0f6f03","conditions":[],"isAction":false,"actions":{"actionFlow":{"0":{"list":[{"id":"51f9659f-885e-465a-8468-311acfc1fea3","type":"input","data":{"label":"Start"},"position":{"x":0,"y":0}},{"id":"d43e2677-aa8c-44dc-9b21-34b335faea6f","type":"affectElements","actionType":"affectElements","tag":"","data":{"p2:e3:selectedCount":[{"elemType":"FormField","type":"disable"}],"p2:e5-cell:col_2A":[{"elemType":"Form","type":"disable"}],"p2:e5-cell:col_1A":[{"elemType":"Form","type":"disable"}],"p2:e5-cell:col_2B":[{"elemType":"Form","type":"disable"}],"p2:s1:ftIsSelVal":[{"elemType":"Strip","type":"disable"}],"p2:e5-cell:col_1B":[{"elemType":"Form","type":"disable"}],"p2:e3:items:36b8e928-b1b3-47b6-ba5e-74ca233d2afd":[{"elemType":"FormField","type":"disable"}],"p2:e3":[{"elemType":"FormField","type":"disable"}],"p2:e5-row:row_1":[{"elemType":"Form","type":"disable"}],"p2:e5":[{"elemType":"Form","type":"disable"}],"p2:e5-row:row_2":[{"elemType":"Form","type":"disable"}],"p2:s1-Col1":[{"elemType":"Strip","type":"disable"}],"p2:e3:items:68fcfddb-392c-4c66-93e7-20236c65cbf2":[{"elemType":"FormField","type":"disable"}],"p2:e5-col:c0":[{"elemType":"Form","type":"disable"}],"p2:e5-col:c1":[{"elemType":"Form","type":"disable"}],"p2:e3:items:76fc16dd-01f5-464f-a44e-db41ba84508e":[{"elemType":"FormField","type":"disable"}],"p2:e3:ftListValue":[{"elemType":"FormField","type":"disable"}],"p2:e3:ftListLabel":[{"elemType":"FormField","type":"disable"}],"p2:s1":[{"elemType":"Strip","type":"disable"}]},"position":{"x":100,"y":100}},{"type":"default","targetHandle":"if","target":"d43e2677-aa8c-44dc-9b21-34b335faea6f","source":"51f9659f-885e-465a-8468-311acfc1fea3","id":"99057d48-8614-412e-842b-ebc2bfd5e35e","style":{"strokeDasharray":5},"label":"x","labelStyle":{"fontSize":14}}],"enabled":true}}},"modeType":"flow"}]},"children":[],"parent":"s1"},"e5":{"type":"Form","props":{"__v":2,"lg":{"rows":"2","cols":2,"usePageBreak":false,"pageBreak":9,"gridArea":"Col1","position":{"left":301,"top":268,"leftUnit":"px","topUnit":"px","right":"","bottom":"","transform":""},"children":{"row_1":{"index":0,"children":{"col_1A":{"index":0,"children":["e3"]},"col_1B":{"index":1,"children":[]}}},"row_2":{"index":1,"children":{"col_2A":{"index":0,"children":[]},"col_2B":{"index":1,"children":[]}}}},"isHidden":false},"styleRef":"e5","showSubmitButton":false},"children":["e3"],"parent":"s1"},"e7":{"type":"Button","props":{"lg":{"text":"Button","gridArea":"Col1","variant":"primary","position":{"left":190,"top":154,"leftUnit":"px","topUnit":"px","right":"","bottom":"","transform":""},"allowProgress":false,"isHidden":false},"target":"self","customURL":"","type":"redirect","redirect":{"label":"Other","value":"other"},"styleRef":"e7","action":[{"uid":"6cfac3f3-a228-4f8c-9e59-cc154a9e6cf2","conditions":[],"isAction":false,"actions":{"actionFlow":{"0":{"list":[{"id":"5446d118-a0b8-430f-849c-3c5a1f37784e","type":"input","data":{"label":"Start"},"position":{"x":0,"y":0}},{"id":"339f8b11-7b8f-44b3-b6bb-17dbc800835d","type":"sfAction","actionType":"sfAction","tag":"","data":{"sfAction":[{"items":[{"label":"#1 Contact (update) ","value":"e3a8506e-72bc-4174-9eb6-0f3d49255f97","isPush":true,"order":""}]}]},"position":{"x":100,"y":100}},{"type":"default","targetHandle":"if","target":"339f8b11-7b8f-44b3-b6bb-17dbc800835d","source":"5446d118-a0b8-430f-849c-3c5a1f37784e","id":"c472829d-3216-4307-8031-37d837f59333","style":{"strokeDasharray":5},"label":"x","labelStyle":{"fontSize":14}}],"enabled":true}}},"modeType":"flow"}]},"children":[],"parent":"s1"},"e8":{"type":"Typography","props":{"lg":{"text":"Subhead","variant":"subhead","gridArea":"Col1","position":{"left":260.94444274902344,"top":66.53820419311523,"disableInherit":true},"isHidden":false},"styleRef":"e8"},"children":[],"parent":"s1"}},"Grid":["s1"],"styles":{"s1":{"type":"Strip","lg":{"columns":1,"rows":1,"areas":[["Col1"]],"root":{"minHeight":376.98611068725586,"minHeightUnit":"px","height":"auto"},"row0":376.98611068725586,"row0Unit":"px"}},"e3":{"lg":{"root":{"width":"100","height":"auto","widthUnit":"%","heightUnit":"px"}},"type":"FormField","additionalControls":["multiSelect"]},"e4":{"lg":{"root":{"width":"180","height":"52","widthUnit":"px","heightUnit":"px"}},"type":"Button"},"e5":{"lg":{"root":{"width":766.9970000000001,"height":"200","widthUnit":"px","heightUnit":"px","gridGap":10}},"type":"Form"},"e7":{"lg":{"root":{"width":"180","height":"52","widthUnit":"px","heightUnit":"px"}},"type":"Button"},"e8":{"lg":{"root":{"width":"270","height":"auto","widthUnit":"px","heightUnit":"px"}},"type":"Typography"}},"params":[],"isSurveyForm":false},"IsDisabled":false,"isPublic":true,"URL":"ft2e36fe75497c4ad7ab399225717514dc","Description":"","Version":0,"ProjectID":"64a3093a9cef813b35912795","isCachedCDN":"true","CreatedAt":"2023-07-03T17:45:30.067Z","__v":0,"PublishProps":{"elements":{"s1":{"type":"Strip","props":{"styleRef":"s1"},"children":["e4","e5"],"parent":null},"e3":{"type":"FormField","props":{"control":"multiSelect","source":"static","items":[{"label":"Item 1","value":"key1","uid":"76fc16dd-01f5-464f-a44e-db41ba84508e"},{"label":"Item 2","value":"key2","uid":"68fcfddb-392c-4c66-93e7-20236c65cbf2"},{"label":"Item 3","value":"key3","uid":"36b8e928-b1b3-47b6-ba5e-74ca233d2afd"}],"lg":{"value":"","label":"Multi select picklist field","placeholder":"Multi select picklist field","variant":"standard","gridArea":"row_1","position":{"left":"0","top":"0","leftUnit":"px","topUnit":"px","right":"","bottom":"","transform":""},"hideErrorIndicator":false,"isHidden":false},"styleRef":"e3"},"children":[],"parent":"e5"},"e4":{"type":"Button","props":{"lg":{"text":"disable","gridArea":"Col1","variant":"primary","position":{"left":593,"top":60,"leftUnit":"px","topUnit":"px","right":"","bottom":"","transform":""},"allowProgress":false,"isHidden":false},"target":"self","customURL":"","type":"redirect","redirect":{"label":"Other","value":"other"},"styleRef":"e4","action":[{"uid":"f4b9dd04-aa3d-4fc5-96b5-66c42a0f6f03","conditions":[],"isAction":false,"actions":{"actionFlow":{"0":{"list":[{"id":"51f9659f-885e-465a-8468-311acfc1fea3","type":"input","data":{"label":"Start"},"position":{"x":0,"y":0}},{"id":"d43e2677-aa8c-44dc-9b21-34b335faea6f","type":"affectElements","actionType":"affectElements","tag":"","data":{"p2:e3:selectedCount":[{"elemType":"FormField","type":"disable"}],"p2:e5-cell:col_2A":[{"elemType":"Form","type":"disable"}],"p2:e5-cell:col_1A":[{"elemType":"Form","type":"disable"}],"p2:e5-cell:col_2B":[{"elemType":"Form","type":"disable"}],"p2:s1:ftIsSelVal":[{"elemType":"Strip","type":"disable"}],"p2:e5-cell:col_1B":[{"elemType":"Form","type":"disable"}],"p2:e3:items:36b8e928-b1b3-47b6-ba5e-74ca233d2afd":[{"elemType":"FormField","type":"disable"}],"p2:e3":[{"elemType":"FormField","type":"disable"}],"p2:e5-row:row_1":[{"elemType":"Form","type":"disable"}],"p2:e5":[{"elemType":"Form","type":"disable"}],"p2:e5-row:row_2":[{"elemType":"Form","type":"disable"}],"p2:s1-Col1":[{"elemType":"Strip","type":"disable"}],"p2:e3:items:68fcfddb-392c-4c66-93e7-20236c65cbf2":[{"elemType":"FormField","type":"disable"}],"p2:e5-col:c0":[{"elemType":"Form","type":"disable"}],"p2:e5-col:c1":[{"elemType":"Form","type":"disable"}],"p2:e3:items:76fc16dd-01f5-464f-a44e-db41ba84508e":[{"elemType":"FormField","type":"disable"}],"p2:e3:ftListValue":[{"elemType":"FormField","type":"disable"}],"p2:e3:ftListLabel":[{"elemType":"FormField","type":"disable"}],"p2:s1":[{"elemType":"Strip","type":"disable"}]},"position":{"x":100,"y":100}},{"type":"default","targetHandle":"if","target":"d43e2677-aa8c-44dc-9b21-34b335faea6f","source":"51f9659f-885e-465a-8468-311acfc1fea3","id":"99057d48-8614-412e-842b-ebc2bfd5e35e","style":{"strokeDasharray":5},"label":"x","labelStyle":{"fontSize":14}}],"enabled":true}}},"modeType":"flow"}]},"children":[],"parent":"s1"},"e5":{"type":"Form","props":{"__v":2,"lg":{"rows":"2","cols":2,"usePageBreak":false,"pageBreak":9,"gridArea":"Col1","position":{"left":301,"top":268,"leftUnit":"px","topUnit":"px","right":"","bottom":"","transform":""},"children":{"row_1":{"index":0,"children":{"col_1A":{"index":0,"children":["e3"]},"col_1B":{"index":1,"children":[]}}},"row_2":{"index":1,"children":{"col_2A":{"index":0,"children":[]},"col_2B":{"index":1,"children":[]}}}},"isHidden":false},"styleRef":"e5","showSubmitButton":false},"children":["e3"],"parent":"s1"}},"Grid":["s1"],"styles":{"s1":{"type":"Strip","lg":{"columns":1,"rows":1,"areas":[["Col1"]],"root":{"minHeight":376.98611068725586,"minHeightUnit":"px","height":"auto"},"row0":376.98611068725586,"row0Unit":"px"}},"e3":{"lg":{"root":{"width":"100","height":"auto","widthUnit":"%","heightUnit":"px"}},"type":"FormField","additionalControls":["multiSelect"],"version":"v1"},"e4":{"lg":{"root":{"width":"180","height":"52","widthUnit":"px","heightUnit":"px"}},"type":"Button"},"e5":{"lg":{"root":{"width":766.9970000000001,"height":"200","widthUnit":"px","heightUnit":"px","gridGap":10}},"type":"Form"}},"params":[],"isSurveyForm":false}}